"Species","SLA","LDMC","Height","Seed weight"
"Sp1",28.3,275.9,60.5,0
"Sp2",27.7,294.3,39.5,0.1
"Sp3",23.8,227.4,105,0.2
"Sp4",30.4,166.2,45,1.3
"Sp5",28.4,187.4,75,0.7
"Sp6",23.3,322,27.5,0.5
"Sp7",25,217.1,65,0.6
"Sp8",18.9,254.5,32.5,0.1
"Sp9",17.93,365.5,25,0.7
"Sp10",26.1,161.5,90,0.6
"Sp11",18.5,378.7,30,1
"Sp12",18.7,330.9,25,0.6
"Sp13",23.3,355.9,25,0.8
"Sp14",23.5,326.3,15,1
"Sp15",20.3,322.1,35,1.4
"Sp16",20.7,347.7,45,1
"Sp17",27.2,351.4,35,1.2
"Sp18",21.3,413.3,40,0.9
"Sp19",18.3,218,65,1.1
"Sp20",30.9,139.2,32.5,0.2
"Sp22",22.5,248.3,110,0.5
"Sp23",15.5,337.8,65,0.1
"Sp25",14.1,292.4,65,0.6
"Sp26",23.8,321.5,30,1.6
"Sp27",21.1,306.1,35,0.9
"Sp28",29.1,250.8,35,0.7
"Sp29",27,182.2,60,0.9
"Sp30",37.1,257.8,15,0.4
"Sp31",20.9,284.7,25,2
"Sp32",20.8,173.6,25,0.5
"Sp33",31.7,267,60,0.2
"Sp34",5.8,361.4,65,0
"Sp36",22.2,170.3,35,1.1
"Sp37",18.9,264.1,75,0.6
"Sp38",38.6,142.6,130,0.1
"Sp39",23.7,207.7,65,0.1
"Sp40",46.8,177.5,25,0.2
"Sp41",15.7,352.5,20,0.7
"Sp42",33.6,143,60,0.6
"Sp43",12,318.5,60,0.3
"Sp44",16.5,189.1,35,0.7
"Sp45",23.5,329.3,40,0.2
"Sp46",22.6,309.7,85,0.3
"Sp47",32,221,50,0.4
"Sp48",17.3,210.8,35,0.9
"Sp49",27.8,133.5,27.5,1.8
"Sp50",17,173.2,21.5,0.5
"Sp51",18.2,196.2,32.5,1.1
"Sp52",31.6,137,30,0.7
"Sp53",15.1,271.7,16.5,2.1
"Sp54",20.1,301.6,70,0.1
"Sp55",17.5,158.3,15,1.5
"Sp56",16.9,194.3,40,1
"Sp57",23.9,135.9,15,0.5
"Sp58",16.4,335.7,65,0.8
"Sp59",17.4,164.8,15,0.8
"Sp60",30.3,168.7,40,0.6
"Sp61",27.4,222.9,10,0.2
